위도,경도,ref,name,operator,source:date,public_transport,bus
34.897382,128.410142,5001,영신전원빌라,경상남도 통영시,2020-07-28,platform,yes
34.897137,128.410281,5002,영신전원빌라,경상남도 통영시,2020-07-28,platform,yes
34.901565,128.42117,5003,손덕마을,경상남도 통영시,2020-07-28,platform,yes
34.901559,128.421109,5004,손덕마을,경상남도 통영시,2020-07-28,platform,yes
34.910661,128.417769,5005,창포마을,경상남도 통영시,2020-07-28,platform,yes
34.910721,128.417721,5006,창포마을,경상남도 통영시,2020-07-28,platform,yes
34.914096,128.421235,5007,하늘바다,경상남도 통영시,2020-07-28,platform,yes
34.91657,128.426991,5008,구집,경상남도 통영시,2020-07-28,platform,yes
34.91664,128.426997,5009,구집마을,경상남도 통영시,2020-07-28,platform,yes
34.929902,128.43131,5010,입도마을,경상남도 통영시,2020-07-28,platform,yes
34.929896,128.43142,5011,입도마을,경상남도 통영시,2020-07-28,platform,yes
34.935399,128.426571,5012,범우개,경상남도 통영시,2020-07-28,platform,yes
34.937902,128.423494,5013,예포마을,경상남도 통영시,2020-07-28,platform,yes
34.940055,128.417654,5014,호암마을,경상남도 통영시,2020-07-28,platform,yes
34.940025,128.417576,5015,호암마을,경상남도 통영시,2020-07-28,platform,yes
34.942389,128.415588,5016,주영안정빌라,경상남도 통영시,2020-07-28,platform,yes
34.942393,128.415496,5017,주영안정빌라,경상남도 통영시,2020-07-28,platform,yes
34.94808,128.411586,5018,안정마을,경상남도 통영시,2020-07-28,platform,yes
34.94798,128.411464,5019,안정마을,경상남도 통영시,2020-07-28,platform,yes
34.955845,128.41194,5020,팔복주유소,경상남도 통영시,2020-07-28,platform,yes
34.957516,128.41166,5021,임외마을,경상남도 통영시,2020-07-28,platform,yes
34.957945,128.413194,5100,임외사거리,경상남도 통영시,2020-07-28,platform,yes
34.957726,128.417348,5023,임내마을,경상남도 통영시,2020-07-28,platform,yes
34.957596,128.417358,5024,임내마을,경상남도 통영시,2020-07-28,platform,yes
34.957676,128.421963,5025,성동조선,경상남도 통영시,2020-07-28,platform,yes
34.957565,128.422045,5026,성동조선,경상남도 통영시,2020-07-28,platform,yes
34.868685,128.469241,3112,해간도펜션,경상남도 통영시,2020-07-28,platform,yes
34.959874,128.428056,5027,황리임중,경상남도 통영시,2020-07-28,platform,yes
34.960018,128.403844,5028,무량촌,경상남도 통영시,2020-07-28,platform,yes
34.960327,128.409332,5029,무량촌입구,경상남도 통영시,2020-07-28,platform,yes
34.958316,128.411939,5030,임외사거리,경상남도 통영시,2020-07-28,platform,yes
34.946614,128.409935,5031,성우오스타,경상남도 통영시,2020-07-28,platform,yes
34.926511,128.426699,5033,적덕마을,경상남도 통영시,2020-07-28,platform,yes
34.926672,128.426783,5034,적덕마을,경상남도 통영시,2020-07-28,platform,yes
34.917488,128.415444,5035,수직마을,경상남도 통영시,2020-07-28,platform,yes
34.917446,128.415606,5036,수직마을,경상남도 통영시,2020-07-28,platform,yes
34.915367,128.411655,5037,대촌마을입구,경상남도 통영시,2020-07-28,platform,yes
34.915356,128.41194,5038,대촌마을입구,경상남도 통영시,2020-07-28,platform,yes
34.91692,128.409862,5039,대촌마을,경상남도 통영시,2020-07-28,platform,yes
34.916977,128.409926,5040,대촌마을,경상남도 통영시,2020-07-28,platform,yes
34.924006,128.403309,5041,천개마을,경상남도 통영시,2020-07-28,platform,yes
34.909153,128.409632,5042,전두마을,경상남도 통영시,2020-07-28,platform,yes
34.908978,128.409661,5043,전두마을,경상남도 통영시,2020-07-28,platform,yes
34.903325,128.406073,5044,노산,경상남도 통영시,2020-07-28,platform,yes
34.899919,128.407131,5045,광도초등학교,경상남도 통영시,2020-07-28,platform,yes
34.898641,128.407613,5046,광도농협,경상남도 통영시,2020-07-28,platform,yes
34.89861,128.407695,5047,광도농협,경상남도 통영시,2020-07-28,platform,yes
34.870353,128.416427,5048,원문마을,경상남도 통영시,2020-07-28,platform,yes
34.877074,128.41345,5049,농업기술센터입구,경상남도 통영시,2020-07-28,platform,yes
34.877227,128.413172,5050,농업기술센터입구,경상남도 통영시,2020-07-28,platform,yes
34.8776,128.414565,5051,죽림주공아파트,경상남도 통영시,2020-07-28,platform,yes
34.877406,128.414892,5052,더팰리스6차,경상남도 통영시,2020-07-28,platform,yes
34.882637,128.416621,5053,한국전력,경상남도 통영시,2020-07-28,platform,yes
34.882985,128.415512,5054,주영팰리스,경상남도 통영시,2020-07-28,platform,yes
34.885075,128.417443,5055,시외터미널,경상남도 통영시,2020-07-28,platform,yes
34.884797,128.417455,5056,시외버스터미널,경상남도 통영시,2020-07-28,platform,yes
34.885417,128.41717,5057,시외버스터미널,경상남도 통영시,2020-07-28,platform,yes
34.882741,128.418619,5058,통영경찰서,경상남도 통영시,2020-07-28,platform,yes
34.882778,128.418799,5059,통영경찰서,경상남도 통영시,2020-07-28,platform,yes
34.879372,128.41793,5060,한선2차아파트,경상남도 통영시,2020-07-28,platform,yes
34.879409,128.418106,5061,푸르지오1차아파트,경상남도 통영시,2020-07-28,platform,yes
34.877679,128.417742,5062,한선1차아파트,경상남도 통영시,2020-07-28,platform,yes
34.877701,128.417581,5063,한선3차아파트,경상남도 통영시,2020-07-28,platform,yes
34.878867,128.412753,5064,향교마을입구,경상남도 통영시,2020-07-28,platform,yes
34.879349,128.412449,5065,향교마을,경상남도 통영시,2020-07-28,platform,yes
34.881589,128.413262,5066,죽림마을입구,경상남도 통영시,2020-07-28,platform,yes
34.882963,128.409976,5069,양지마을,경상남도 통영시,2020-07-28,platform,yes
34.883001,128.40989,5070,죽림마을회관,경상남도 통영시,2020-07-28,platform,yes
34.886733,128.39962,5071,홀리골마을,경상남도 통영시,2020-07-28,platform,yes
34.887652,128.416632,5072,조암마을,경상남도 통영시,2020-07-28,platform,yes
34.887623,128.416814,5073,조암마을,경상남도 통영시,2020-07-28,platform,yes
34.893058,128.415416,5074,신세계자동차학원,경상남도 통영시,2020-07-28,platform,yes
34.894407,128.408687,5075,노산삼거리,경상남도 통영시,2020-07-28,platform,yes
34.901807,128.395854,5077,상노산,경상남도 통영시,2020-07-28,platform,yes
34.902017,128.395373,5078,상노산,경상남도 통영시,2020-07-28,platform,yes
34.903256,128.393599,4001,한퇴마을,경상남도 통영시,2020-07-28,platform,yes
34.910213,128.387479,4002,한퇴마을종점,경상남도 통영시,2020-07-28,platform,yes
34.903561,128.392974,4003,한퇴마을,경상남도 통영시,2020-07-28,platform,yes
34.903785,128.388682,4004,백동전원빌라,경상남도 통영시,2020-07-28,platform,yes
34.900811,128.378926,4005,덕치마을입구,경상남도 통영시,2020-07-28,platform,yes
34.900976,128.378763,4006,덕치마을입구,경상남도 통영시,2020-07-28,platform,yes
34.901116,128.376751,4007,덕치마을,경상남도 통영시,2020-07-28,platform,yes
34.90099,128.376764,4008,덕치마을,경상남도 통영시,2020-07-28,platform,yes
34.903555,128.365416,4009,지법마을,경상남도 통영시,2020-07-28,platform,yes
34.903684,128.365437,4010,지법마을,경상남도 통영시,2020-07-28,platform,yes
34.914503,128.35895,4011,노전마을,경상남도 통영시,2020-07-28,platform,yes
34.914813,128.358795,4012,노전마을,경상남도 통영시,2020-07-28,platform,yes
34.937365,128.370435,4013,사계마을,경상남도 통영시,2020-07-28,platform,yes
34.938614,128.356809,4014,오산마을,경상남도 통영시,2020-07-28,platform,yes
34.934835,128.349496,4015,평촌마을,경상남도 통영시,2020-07-28,platform,yes
34.934518,128.349871,4016,평촌마을,경상남도 통영시,2020-07-28,platform,yes
34.933532,128.35215,4017,원산종점,경상남도 통영시,2020-07-28,platform,yes
34.933644,128.352224,4018,원산종점,경상남도 통영시,2020-07-28,platform,yes
34.93291,128.353584,4019,도원초등학교,경상남도 통영시,2020-07-28,platform,yes
34.932806,128.354216,4020,도원초등학교,경상남도 통영시,2020-07-28,platform,yes
34.931345,128.357183,4021,원동마을,경상남도 통영시,2020-07-28,platform,yes
34.903484,128.343132,4023,오륜동마을,경상남도 통영시,2020-07-28,platform,yes
34.903426,128.343109,4024,오륜동마을,경상남도 통영시,2020-07-28,platform,yes
34.906858,128.334411,4025,마상촌마을,경상남도 통영시,2020-07-28,platform,yes
34.906816,128.334363,4026,마상촌마을,경상남도 통영시,2020-07-28,platform,yes
34.905512,128.320912,4027,가오치마을,경상남도 통영시,2020-07-28,platform,yes
34.905569,128.320906,4028,가오치마을,경상남도 통영시,2020-07-28,platform,yes
34.907047,128.31261,4031,가오치여객선터미널입구,경상남도 통영시,2020-07-28,platform,yes
34.906375,128.307309,4032,유촌마을,경상남도 통영시,2020-07-28,platform,yes
34.9064,128.307634,4033,유촌마을,경상남도 통영시,2020-07-28,platform,yes
34.901048,128.306807,4034,서촌마을,경상남도 통영시,2020-07-28,platform,yes
34.901088,128.306855,4035,서촌마을,경상남도 통영시,2020-07-28,platform,yes
34.896619,128.307805,4036,동촌마을,경상남도 통영시,2020-07-28,platform,yes
34.896571,128.307832,4037,동촌마을,경상남도 통영시,2020-07-28,platform,yes
34.894911,128.309554,4038,저산,경상남도 통영시,2020-07-28,platform,yes
34.885907,128.32888,4039,수월마을,경상남도 통영시,2020-07-28,platform,yes
34.885918,128.328948,4040,수월리,경상남도 통영시,2020-07-28,platform,yes
34.883059,128.333461,4041,상양지마을,경상남도 통영시,2020-07-28,platform,yes
34.88301,128.333484,4042,상양지마을,경상남도 통영시,2020-07-28,platform,yes
34.882508,128.33964,4043,하양지마을,경상남도 통영시,2020-07-28,platform,yes
34.882557,128.33958,4044,하양지마을,경상남도 통영시,2020-07-28,platform,yes
34.887362,128.343521,4045,구촌마을,경상남도 통영시,2020-07-28,platform,yes
34.887412,128.343481,4046,구촌마을,경상남도 통영시,2020-07-28,platform,yes
34.890337,128.349254,4047,범골마을,경상남도 통영시,2020-07-28,platform,yes
34.890524,128.349243,4048,범골마을,경상남도 통영시,2020-07-28,platform,yes
34.903089,128.359374,4049,도산종점,경상남도 통영시,2020-07-28,platform,yes
34.902914,128.36086,4050,도산면사무소,경상남도 통영시,2020-07-28,platform,yes
34.903005,128.361052,4051,도산면사무소,경상남도 통영시,2020-07-28,platform,yes
34.902965,128.36293,4052,도산농협,경상남도 통영시,2020-07-28,platform,yes
34.903219,128.363242,4053,도산농협,경상남도 통영시,2020-07-28,platform,yes
34.885348,128.371743,4055,낭계마을,경상남도 통영시,2020-07-28,platform,yes
34.886127,128.371062,4056,낭계마을,경상남도 통영시,2020-07-28,platform,yes
34.880776,128.35671,4057,잠포마을,경상남도 통영시,2020-07-28,platform,yes
34.87574,128.371307,4059,분지포,경상남도 통영시,2020-07-28,platform,yes
34.88986,128.380895,5079,좌진마을,경상남도 통영시,2020-07-28,platform,yes
34.889618,128.381055,5080,좌진마을,경상남도 통영시,2020-07-28,platform,yes
34.882489,128.384963,5081,죽전마을,경상남도 통영시,2020-07-28,platform,yes
34.882532,128.385,5082,죽전마을,경상남도 통영시,2020-07-28,platform,yes
34.877964,128.388564,5083,용호마을입구,경상남도 통영시,2020-07-28,platform,yes
34.878026,128.388541,5084,용호마을입구,경상남도 통영시,2020-07-28,platform,yes
34.872989,128.393095,5085,용호마을,경상남도 통영시,2020-07-28,platform,yes
34.87298,128.393214,5086,용호마을,경상남도 통영시,2020-07-28,platform,yes
34.86819,128.405989,5087,마구촌마을,경상남도 통영시,2020-07-28,platform,yes
34.868147,128.405938,5088,마구촌마을,경상남도 통영시,2020-07-28,platform,yes
34.868334,128.412329,5089,애조마을,경상남도 통영시,2020-07-28,platform,yes
34.868378,128.412315,5090,애조마을,경상남도 통영시,2020-07-28,platform,yes
34.870127,128.421151,3001,원문마을,경상남도 통영시,2020-07-28,platform,yes
34.871029,128.424133,3002,기호마을,경상남도 통영시,2020-07-28,platform,yes
34.871048,128.424009,3003,기호마을,경상남도 통영시,2020-07-28,platform,yes
34.878266,128.433588,3004,대안마을,경상남도 통영시,2020-07-28,platform,yes
34.878271,128.433522,3005,대안마을,경상남도 통영시,2020-07-28,platform,yes
34.88619,128.43578,3006,신리마을,경상남도 통영시,2020-07-28,platform,yes
34.886103,128.435789,3007,신리마을,경상남도 통영시,2020-07-28,platform,yes
34.88777,128.444048,3008,음촌마을,경상남도 통영시,2020-07-28,platform,yes
34.88772,128.444031,3009,음촌마을,경상남도 통영시,2020-07-28,platform,yes
34.892813,128.444155,3010,대방포,경상남도 통영시,2020-07-28,platform,yes
34.889374,128.445314,3011,양촌마을,경상남도 통영시,2020-07-28,platform,yes
34.889431,128.445348,3012,양촌마을,경상남도 통영시,2020-07-28,platform,yes
34.887389,128.447,3013,양촌마을입구,경상남도 통영시,2020-07-28,platform,yes
34.887382,128.447054,3014,양촌마을입구,경상남도 통영시,2020-07-28,platform,yes
34.886764,128.453644,3015,동림파크,경상남도 통영시,2020-07-28,platform,yes
34.8877,128.465888,3017,충렬여중고,경상남도 통영시,2020-07-28,platform,yes
34.887749,128.46574,3018,충렬여중고,경상남도 통영시,2020-07-28,platform,yes
34.881256,128.465808,3019,한려운수,경상남도 통영시,2020-07-28,platform,yes
34.875364,128.465965,3020,연기삼거리,경상남도 통영시,2020-07-28,platform,yes
34.872413,128.467164,3021,연기,경상남도 통영시,2020-07-28,platform,yes
34.872336,128.467129,3022,연기,경상남도 통영시,2020-07-28,platform,yes
34.884751,128.468518,3024,신촌마을,경상남도 통영시,2020-07-28,platform,yes
34.884884,128.468476,3025,신촌마을,경상남도 통영시,2020-07-28,platform,yes
34.887789,128.454085,3026,적촌마을,경상남도 통영시,2020-07-28,platform,yes
34.871176,128.415675,5091,한창그린파크,경상남도 통영시,2020-07-28,platform,yes
34.869119,128.41639,1501,원문고개,경상남도 통영시,2020-07-28,platform,yes
34.863746,128.421043,1502,새통영병원,경상남도 통영시,2020-07-28,platform,yes
34.863665,128.420888,1503,새통영병원,경상남도 통영시,2020-07-28,platform,yes
34.860728,128.405684,1101,소포마을,경상남도 통영시,2020-07-28,platform,yes
34.860468,128.405574,1102,소포마을,경상남도 통영시,2020-07-28,platform,yes
34.855892,128.399106,1103,대평마을,경상남도 통영시,2020-07-28,platform,yes
34.85576,128.398992,1104,대평마을,경상남도 통영시,2020-07-28,platform,yes
34.858234,128.395399,1105,평림축구장,경상남도 통영시,2020-07-28,platform,yes
34.858264,128.39546,1106,평림축구장,경상남도 통영시,2020-07-28,platform,yes
34.854939,128.385254,1601,우포마을,경상남도 통영시,2020-07-28,platform,yes
34.855216,128.383996,1602,우포마을,경상남도 통영시,2020-07-28,platform,yes
34.849852,128.372849,1603,갈목마을,경상남도 통영시,2020-07-28,platform,yes
34.849879,128.372899,1604,갈목마을,경상남도 통영시,2020-07-28,platform,yes
34.845584,128.384256,1605,민양마을윗길,경상남도 통영시,2020-07-28,platform,yes
34.84411,128.385132,1606,민양마을,경상남도 통영시,2020-07-28,platform,yes
34.844171,128.385129,1607,민양마을,경상남도 통영시,2020-07-28,platform,yes
34.843906,128.381379,1627,인평종점,경상남도 통영시,2020-07-28,platform,yes
34.843993,128.383951,1609,민양마을,경상남도 통영시,2020-07-28,platform,yes
34.835234,128.394016,1611,국치마을,경상남도 통영시,2020-07-28,platform,yes
34.836799,128.401647,1612,해양과학대학,경상남도 통영시,2020-07-28,platform,yes
34.836875,128.401763,1614,해양과학대학,경상남도 통영시,2020-07-28,platform,yes
34.838942,128.400576,1615,도천동주민센터,경상남도 통영시,2020-07-28,platform,yes
34.840141,128.399441,1616,한실아파트,경상남도 통영시,2020-07-28,platform,yes
34.840101,128.399166,1617,한실아파트,경상남도 통영시,2020-07-28,platform,yes
34.840779,128.397278,1618,충무중학교,경상남도 통영시,2020-07-28,platform,yes
34.840721,128.397219,1619,충무중학교,경상남도 통영시,2020-07-28,platform,yes
34.84149,128.396385,1620,인평주공아파트,경상남도 통영시,2020-07-28,platform,yes
34.841694,128.396304,1621,충무여자중학교,경상남도 통영시,2020-07-28,platform,yes
34.842742,128.395151,1622,인평초등학교,경상남도 통영시,2020-07-28,platform,yes
34.842702,128.395067,1623,인평초등학교,경상남도 통영시,2020-07-28,platform,yes
34.843692,128.391276,1624,해양대종점,경상남도 통영시,2020-07-28,platform,yes
34.843738,128.391269,1625,해양대종점,경상남도 통영시,2020-07-28,platform,yes
34.832867,128.404575,1001,통영대교밑,경상남도 통영시,2020-07-28,platform,yes
34.833072,128.403802,1002,통영대교밑,경상남도 통영시,2020-07-28,platform,yes
34.834621,128.408083,1003,당동노인정,경상남도 통영시,2020-07-28,platform,yes
34.834743,128.408182,1004,당동노인정,경상남도 통영시,2020-07-28,platform,yes
34.836149,128.41195,1005,해저터널,경상남도 통영시,2020-07-28,platform,yes
34.836171,128.412252,1006,해저터널,경상남도 통영시,2020-07-28,platform,yes
34.837179,128.414532,1007,영생아파트,경상남도 통영시,2020-07-28,platform,yes
34.837317,128.414505,1008,영생아파트,경상남도 통영시,2020-07-28,platform,yes
34.839878,128.41764,1009,통영농협,경상남도 통영시,2020-07-28,platform,yes
34.844694,128.425117,1201,중앙시장,경상남도 통영시,2020-07-28,platform,yes
34.844794,128.425124,1202,중앙시장,경상남도 통영시,2020-07-28,platform,yes
34.844217,128.427472,1301,남망산공원입구,경상남도 통영시,2020-07-28,platform,yes
34.844308,128.427895,1302,남망산공원입구,경상남도 통영시,2020-07-28,platform,yes
34.843734,128.430003,1303,중소기업은행,경상남도 통영시,2020-07-28,platform,yes
34.840726,128.43199,1304,동원아파트입구,경상남도 통영시,2020-07-28,platform,yes
34.844672,128.429843,1305,뉴킹할인마트,경상남도 통영시,2020-07-28,platform,yes
34.845276,128.430615,1306,삼성타워,경상남도 통영시,2020-07-28,platform,yes
34.845911,128.431087,1307,정량새마을금고,경상남도 통영시,2020-07-28,platform,yes
34.84656,128.432415,1308,청마문학관입구,경상남도 통영시,2020-07-28,platform,yes
34.848291,128.431858,1309,대우협동빌라,경상남도 통영시,2020-07-28,platform,yes
34.8491,128.431518,1310,대우협동빌라,경상남도 통영시,2020-07-28,platform,yes
34.851183,128.431707,1311,만복제일맨션,경상남도 통영시,2020-07-28,platform,yes
34.851186,128.431592,1312,만복제일맨션,경상남도 통영시,2020-07-28,platform,yes
34.853924,128.434288,1504,통영시청,경상남도 통영시,2020-07-28,platform,yes
34.853977,128.434169,1505,통영시청,경상남도 통영시,2020-07-28,platform,yes
34.854493,128.435845,1506,통영시청옆,경상남도 통영시,2020-07-28,platform,yes
34.85511,128.446493,3027,상삼마을입구,경상남도 통영시,2020-07-28,platform,yes
34.855071,128.446497,3028,상삼마을,경상남도 통영시,2020-07-28,platform,yes
34.854462,128.446995,3029,상삼마을,경상남도 통영시,2020-07-28,platform,yes
34.853079,128.449406,3030,선촌마을,경상남도 통영시,2020-07-28,platform,yes
34.853019,128.449381,3031,선촌마을,경상남도 통영시,2020-07-28,platform,yes
34.852967,128.451377,3032,선촌마을종점,경상남도 통영시,2020-07-28,platform,yes
34.852901,128.45139,3033,선촌마을,경상남도 통영시,2020-07-28,platform,yes
34.867458,128.448641,3035,늘사랑어린이집,경상남도 통영시,2020-07-28,platform,yes
34.86861,128.454161,3036,동암마을,경상남도 통영시,2020-07-28,platform,yes
34.86851,128.454179,3037,동암마을,경상남도 통영시,2020-07-28,platform,yes
34.874971,128.45314,3038,오촌,경상남도 통영시,2020-07-28,platform,yes
34.864256,128.445034,3040,법원,경상남도 통영시,2020-07-28,platform,yes
34.88991,128.461528,3042,죽촌마을입구,경상남도 통영시,2020-07-28,platform,yes
34.895142,128.463502,3044,밤개마을,경상남도 통영시,2020-07-28,platform,yes
34.895051,128.463487,3045,밤개마을,경상남도 통영시,2020-07-28,platform,yes
34.889739,128.469536,3046,견유마을입구,경상남도 통영시,2020-07-28,platform,yes
34.889496,128.475066,3047,견유다리밑,경상남도 통영시,2020-07-28,platform,yes
34.889247,128.47191,3048,수협위판장,경상남도 통영시,2020-07-28,platform,yes
34.889303,128.471784,3049,수협위판장,경상남도 통영시,2020-07-28,platform,yes
34.888369,128.469456,3050,견유마을,경상남도 통영시,2020-07-28,platform,yes
34.888327,128.469233,3051,견유마을,경상남도 통영시,2020-07-28,platform,yes
34.88712,128.468463,3052,견유마을,경상남도 통영시,2020-07-28,platform,yes
34.887473,128.46717,3054,동원로얄아파트,경상남도 통영시,2020-07-28,platform,yes
34.887626,128.467056,3055,동원로얄아파트,경상남도 통영시,2020-07-28,platform,yes
34.899688,128.462767,3056,적촌승선장,경상남도 통영시,2020-07-28,platform,yes
34.897798,128.459573,3057,적촌마을,경상남도 통영시,2020-07-28,platform,yes
34.897502,128.458058,3058,적촌마을,경상남도 통영시,2020-07-28,platform,yes
34.897816,128.458045,3059,적촌마을,경상남도 통영시,2020-07-28,platform,yes
34.900479,128.454281,3060,내포마을,경상남도 통영시,2020-07-28,platform,yes
34.901815,128.454271,3061,내포,경상남도 통영시,2020-07-28,platform,yes
34.894248,128.458934,3063,원평초등학교,경상남도 통영시,2020-07-28,platform,yes
34.894154,128.458946,3064,원평초등학교,경상남도 통영시,2020-07-28,platform,yes
34.89428,128.456847,3065,적촌마을,경상남도 통영시,2020-07-28,platform,yes
34.894238,128.456943,3066,적촌마을,경상남도 통영시,2020-07-28,platform,yes
34.890778,128.454525,3067,원평마을,경상남도 통영시,2020-07-28,platform,yes
34.884546,128.451185,3068,삼화삼거리,경상남도 통영시,2020-07-28,platform,yes
34.874969,128.447795,3069,오촌마을,경상남도 통영시,2020-07-28,platform,yes
34.874675,128.448438,3070,오촌마을,경상남도 통영시,2020-07-28,platform,yes
34.870709,128.445858,3071,동남전원맨션,경상남도 통영시,2020-07-28,platform,yes
34.869437,128.444753,3072,미진이지비아2차,경상남도 통영시,2020-07-28,platform,yes
34.86945,128.444898,3073,용남초등학교,경상남도 통영시,2020-07-28,platform,yes
34.86742,128.442661,3074,용남면사무소,경상남도 통영시,2020-07-28,platform,yes
34.867298,128.442341,3075,용남면사무소,경상남도 통영시,2020-07-28,platform,yes
34.864696,128.441215,3076,청구아파트,경상남도 통영시,2020-07-28,platform,yes
34.864463,128.440989,3077,청구아파트,경상남도 통영시,2020-07-28,platform,yes
34.857355,128.439264,1507,미늘고개,경상남도 통영시,2020-07-28,platform,yes
34.860036,128.43305,1508,대성암,경상남도 통영시,2020-07-28,platform,yes
34.864099,128.426123,1509,말구리,경상남도 통영시,2020-07-28,platform,yes
34.864484,128.425179,1510,말구리,경상남도 통영시,2020-07-28,platform,yes
34.869318,128.416074,5092,원문마을,경상남도 통영시,2020-07-28,platform,yes
34.857274,128.426692,1401,진우마리나,경상남도 통영시,2020-07-28,platform,yes
34.857291,128.427523,1402,진우데파트,경상남도 통영시,2020-07-28,platform,yes
34.857412,128.429573,1511,통영축협,경상남도 통영시,2020-07-28,platform,yes
34.857522,128.429649,1512,무전새마을금고,경상남도 통영시,2020-07-28,platform,yes
34.856948,128.432007,1513,동진정비,경상남도 통영시,2020-07-28,platform,yes
34.855875,128.435354,1514,무전골프장,경상남도 통영시,2020-07-28,platform,yes
34.856639,128.440768,1515,미늘고개,경상남도 통영시,2020-07-28,platform,yes
34.858036,128.441365,3078,미늘고개,경상남도 통영시,2020-07-28,platform,yes
34.857385,128.43289,1516,무전동주민센터,경상남도 통영시,2020-07-28,platform,yes
34.857699,128.432888,1517,무전동주민센터,경상남도 통영시,2020-07-28,platform,yes
34.859416,128.431807,1518,통영시보건소,경상남도 통영시,2020-07-28,platform,yes
34.85977,128.431244,1519,통영시보건소,경상남도 통영시,2020-07-28,platform,yes
34.859033,128.430764,1520,아울렛줌,경상남도 통영시,2020-07-28,platform,yes
34.859024,128.43087,1521,수아지오,경상남도 통영시,2020-07-28,platform,yes
34.857567,128.424727,1403,KT&G,경상남도 통영시,2020-07-28,platform,yes
34.857986,128.422832,1404,광우화목아파트,경상남도 통영시,2020-07-28,platform,yes
34.857855,128.422829,1405,광우화목아파트,경상남도 통영시,2020-07-28,platform,yes
34.860301,128.422892,1522,한진로즈힐,경상남도 통영시,2020-07-28,platform,yes
34.860512,128.422909,1523,한진로즈힐,경상남도 통영시,2020-07-28,platform,yes
34.860155,128.426784,1524,디지털프라자,경상남도 통영시,2020-07-28,platform,yes
34.859908,128.427019,1525,외환은행,경상남도 통영시,2020-07-28,platform,yes
34.855875,128.428549,1406,북신시장,경상남도 통영시,2020-07-28,platform,yes
34.855318,128.428779,1407,북신시장,경상남도 통영시,2020-07-28,platform,yes
34.853317,128.429044,1408,북신오거리,경상남도 통영시,2020-07-28,platform,yes
34.852537,128.428661,1409,공설운동장,경상남도 통영시,2020-07-28,platform,yes
34.851002,128.427489,1410,유영초등학교,경상남도 통영시,2020-07-28,platform,yes
34.851035,128.427306,1411,유영초등학교,경상남도 통영시,2020-07-28,platform,yes
34.849104,128.425785,1203,토성고개,경상남도 통영시,2020-07-28,platform,yes
34.848731,128.425258,1204,토성고개,경상남도 통영시,2020-07-28,platform,yes
34.846432,128.423309,1205,세병관,경상남도 통영시,2020-07-28,platform,yes
34.847182,128.419472,1206,충렬사주차장,경상남도 통영시,2020-07-28,platform,yes
34.845586,128.423601,1207,중앙시장,경상남도 통영시,2020-07-28,platform,yes
34.844978,128.423532,1208,중앙시장,경상남도 통영시,2020-07-28,platform,yes
34.842857,128.42252,1209,문화마당,경상남도 통영시,2020-07-28,platform,yes
34.842462,128.422227,1210,문화마당,경상남도 통영시,2020-07-28,platform,yes
34.841966,128.419228,1107,서호시장,경상남도 통영시,2020-07-28,platform,yes
34.841489,128.4195,1109,서호시장,경상남도 통영시,2020-07-28,platform,yes
34.839481,128.415674,1010,만복아파트,경상남도 통영시,2020-07-28,platform,yes
34.83919,128.415146,1011,만복아파트,경상남도 통영시,2020-07-28,platform,yes
34.838375,128.412501,1012,윤이상기념관,경상남도 통영시,2020-07-28,platform,yes
34.839578,128.411814,1013,통영여자고등학교,경상남도 통영시,2020-07-28,platform,yes
34.839531,128.411794,1014,통영여자고등학교,경상남도 통영시,2020-07-28,platform,yes
34.840992,128.411161,1015,통영여자중학교,경상남도 통영시,2020-07-28,platform,yes
34.841112,128.410863,1016,통영여자중학교,경상남도 통영시,2020-07-28,platform,yes
34.844424,128.408985,1017,도리골,경상남도 통영시,2020-07-28,platform,yes
34.844195,128.409123,1018,도리골,경상남도 통영시,2020-07-28,platform,yes
34.837165,128.412736,1019,두룡초등학교,경상남도 통영시,2020-07-28,platform,yes
34.832965,128.407467,1701,미수해안로,경상남도 통영시,2020-07-28,platform,yes
34.830768,128.406189,1702,미수동주민센터,경상남도 통영시,2020-07-28,platform,yes
34.83023,128.406236,1703,미수동주민센터,경상남도 통영시,2020-07-28,platform,yes
34.826094,128.40257,1704,경남아파트,경상남도 통영시,2020-07-28,platform,yes
34.82636,128.403011,1705,태영빌라앞,경상남도 통영시,2020-07-28,platform,yes
34.825565,128.402131,1706,경남아파트,경상남도 통영시,2020-07-28,platform,yes
34.824012,128.400366,1707,대우상가아파트,경상남도 통영시,2020-07-28,platform,yes
34.823928,128.400097,1708,대우상가아파트,경상남도 통영시,2020-07-28,platform,yes
34.822875,128.398155,1709,미수교회,경상남도 통영시,2020-07-28,platform,yes
34.822916,128.397981,1710,유성타워앞,경상남도 통영시,2020-07-28,platform,yes
34.82217,128.396394,1711,미수휴먼시아,경상남도 통영시,2020-07-28,platform,yes
34.822275,128.396348,1712,미수휴먼시아,경상남도 통영시,2020-07-28,platform,yes
34.819589,128.39205,2001,세포고개,경상남도 통영시,2020-07-28,platform,yes
34.817486,128.390925,2002,세포마을,경상남도 통영시,2020-07-28,platform,yes
34.817311,128.390962,2003,세포마을,경상남도 통영시,2020-07-28,platform,yes
34.813511,128.387802,2004,철둑입구,경상남도 통영시,2020-07-28,platform,yes
34.819406,128.381711,2005,벌포마을,경상남도 통영시,2020-07-28,platform,yes
34.819422,128.381611,2006,벌포마을,경상남도 통영시,2020-07-28,platform,yes
34.82526,128.380328,2007,소양마을,경상남도 통영시,2020-07-28,platform,yes
34.825201,128.380251,2008,소양마을,경상남도 통영시,2020-07-28,platform,yes
34.826441,128.375225,2009,양화마을,경상남도 통영시,2020-07-28,platform,yes
34.826364,128.375154,2010,양화마을,경상남도 통영시,2020-07-28,platform,yes
34.82904,128.372172,2011,경포마을,경상남도 통영시,2020-07-28,platform,yes
34.829019,128.372081,2012,경포마을,경상남도 통영시,2020-07-28,platform,yes
34.831715,128.363289,2013,향촌마을,경상남도 통영시,2020-07-28,platform,yes
34.831642,128.363234,2014,향촌마을,경상남도 통영시,2020-07-28,platform,yes
34.833406,128.355225,2015,다시몰마을,경상남도 통영시,2020-07-28,platform,yes
34.833415,128.355311,2016,다시몰마을,경상남도 통영시,2020-07-28,platform,yes
34.834257,128.348448,2017,풍화리해란,경상남도 통영시,2020-07-28,platform,yes
34.834196,128.348475,2018,풍화리해란,경상남도 통영시,2020-07-28,platform,yes
34.831294,128.344264,2019,해란마을,경상남도 통영시,2020-07-28,platform,yes
34.831364,128.344273,2020,해란마을,경상남도 통영시,2020-07-28,platform,yes
34.834452,128.342074,2021,함박마을입구,경상남도 통영시,2020-07-28,platform,yes
34.834428,128.341999,2022,함박마을입구,경상남도 통영시,2020-07-28,platform,yes
34.837376,128.341746,2023,함박마을,경상남도 통영시,2020-07-28,platform,yes
34.827863,128.340399,2024,명지마을,경상남도 통영시,2020-07-28,platform,yes
34.827827,128.340425,2025,명지마을,경상남도 통영시,2020-07-28,platform,yes
34.826095,128.339175,2026,수산자원연구소,경상남도 통영시,2020-07-28,platform,yes
34.826114,128.3391,2027,수산자원연구소,경상남도 통영시,2020-07-28,platform,yes
34.823367,128.342068,2029,묏골마을,경상남도 통영시,2020-07-28,platform,yes
34.824164,128.343581,2030,묏골,경상남도 통영시,2020-07-28,platform,yes
34.825472,128.345619,2031,수월마을,경상남도 통영시,2020-07-28,platform,yes
34.82548,128.346285,2032,수월마을,경상남도 통영시,2020-07-28,platform,yes
34.825076,128.352527,2033,상장마을,경상남도 통영시,2020-07-28,platform,yes
34.825107,128.352642,2034,상장마을,경상남도 통영시,2020-07-28,platform,yes
34.824344,128.354769,2035,상장마을,경상남도 통영시,2020-07-28,platform,yes
34.826083,128.357598,2036,모상마을,경상남도 통영시,2020-07-28,platform,yes
34.826149,128.357553,2037,모상마을,경상남도 통영시,2020-07-28,platform,yes
34.826318,128.359025,2038,풍화초등학교,경상남도 통영시,2020-07-28,platform,yes
34.826378,128.35908,2039,풍화초등학교,경상남도 통영시,2020-07-28,platform,yes
34.822261,128.361089,2040,남촌마을,경상남도 통영시,2020-07-28,platform,yes
34.821004,128.363969,2041,남촌마을,경상남도 통영시,2020-07-28,platform,yes
34.820224,128.364724,2042,남촌마을,경상남도 통영시,2020-07-28,platform,yes
34.817595,128.373122,2043,장촌마을,경상남도 통영시,2020-07-28,platform,yes
34.817272,128.37386,2044,장촌마을,경상남도 통영시,2020-07-28,platform,yes
34.809306,128.383013,2045,궁항마을,경상남도 통영시,2020-07-28,platform,yes
34.813305,128.387638,2047,철둑입구,경상남도 통영시,2020-07-28,platform,yes
34.813442,128.387615,2048,철둑,경상남도 통영시,2020-07-28,platform,yes
34.809658,128.387275,2049,새길입구,경상남도 통영시,2020-07-28,platform,yes
34.809283,128.387367,2050,새길입구,경상남도 통영시,2020-07-28,platform,yes
34.806246,128.38703,2051,남전마을입구,경상남도 통영시,2020-07-28,platform,yes
34.80619,128.386914,2052,남전마을입구,경상남도 통영시,2020-07-28,platform,yes
34.803599,128.387396,2053,산양읍사무소,경상남도 통영시,2020-07-28,platform,yes
34.803311,128.387568,2054,산양읍사무소,경상남도 통영시,2020-07-28,platform,yes
34.8011,128.390499,2056,산양초등학교,경상남도 통영시,2020-07-28,platform,yes
34.801205,128.390698,2057,산양초등학교,경상남도 통영시,2020-07-28,platform,yes
34.801922,128.392861,2058,산양중학교,경상남도 통영시,2020-07-28,platform,yes
34.801844,128.392875,2059,산양중학교,경상남도 통영시,2020-07-28,platform,yes
34.803076,128.395798,2060,산양우체국,경상남도 통영시,2020-07-28,platform,yes
34.803276,128.396068,2061,산양우체국,경상남도 통영시,2020-07-28,platform,yes
34.802003,128.403972,2062,박경리기념관,경상남도 통영시,2020-07-28,platform,yes
34.802133,128.40392,2063,박경리기념관,경상남도 통영시,2020-07-28,platform,yes
34.801488,128.408786,2064,상촌마을,경상남도 통영시,2020-07-28,platform,yes
34.797581,128.413556,2065,신봉마을,경상남도 통영시,2020-07-28,platform,yes
34.810269,128.403833,2066,금평,경상남도 통영시,2020-07-28,platform,yes
34.800984,128.387858,2068,산양농협,경상남도 통영시,2020-07-28,platform,yes
34.798856,128.386481,2069,삼덕사입구,경상남도 통영시,2020-07-28,platform,yes
34.798765,128.386547,2070,삼덕사입구,경상남도 통영시,2020-07-28,platform,yes
34.797794,128.385127,2071,원항고개,경상남도 통영시,2020-07-28,platform,yes
34.79748,128.38446,2072,원항마을,경상남도 통영시,2020-07-28,platform,yes
34.794566,128.383735,2073,삼덕항,경상남도 통영시,2020-07-28,platform,yes
34.794896,128.383356,2075,당포승선장,경상남도 통영시,2020-07-28,platform,yes
34.797181,128.383435,2076,원항마을,경상남도 통영시,2020-07-28,platform,yes
34.790014,128.38943,2077,중화마을,경상남도 통영시,2020-07-28,platform,yes
34.789953,128.389336,2078,중화마을,경상남도 통영시,2020-07-28,platform,yes
34.769855,128.40148,2080,달아공원,경상남도 통영시,2020-07-28,platform,yes
34.770011,128.401449,2081,달아공원,경상남도 통영시,2020-07-28,platform,yes
34.768384,128.407024,2082,달아마을,경상남도 통영시,2020-07-28,platform,yes
34.768504,128.406988,2083,달아마을,경상남도 통영시,2020-07-28,platform,yes
34.765347,128.42169,2118,척포,경상남도 통영시,2020-07-28,platform,yes
34.782105,128.41378,2085,봉전마을고개,경상남도 통영시,2020-07-28,platform,yes
34.782184,128.413948,2086,봉전마을고개,경상남도 통영시,2020-07-28,platform,yes
34.78446,128.415633,2087,봉전마을,경상남도 통영시,2020-07-28,platform,yes
34.786575,128.420592,2088,봉전마을입구,경상남도 통영시,2020-07-28,platform,yes
34.786526,128.420747,2089,화양초등학교,경상남도 통영시,2020-07-28,platform,yes
34.782772,128.4323,2090,답하마을,경상남도 통영시,2020-07-28,platform,yes
34.792362,128.419302,2091,신봉종점,경상남도 통영시,2020-07-28,platform,yes
34.794139,128.416776,2092,남촌마을,경상남도 통영시,2020-07-28,platform,yes
34.79523,128.417095,2093,신봉마을,경상남도 통영시,2020-07-28,platform,yes
34.795333,128.417073,2094,신봉마을,경상남도 통영시,2020-07-28,platform,yes
34.793813,128.429472,2095,남동해수산연구소,경상남도 통영시,2020-07-28,platform,yes
34.796454,128.430342,2096,미래사입구,경상남도 통영시,2020-07-28,platform,yes
34.796577,128.430057,2097,미래사입구,경상남도 통영시,2020-07-28,platform,yes
34.802274,128.430904,2099,일운마을,경상남도 통영시,2020-07-28,platform,yes
34.80235,128.430793,2100,일운마을,경상남도 통영시,2020-07-28,platform,yes
34.816284,128.435912,2101,군부대입구,경상남도 통영시,2020-07-28,platform,yes
34.816386,128.435973,2102,군부대입구,경상남도 통영시,2020-07-28,platform,yes
34.819675,128.436877,2103,공설해수욕장,경상남도 통영시,2020-07-28,platform,yes
34.822165,128.439726,2104,수륙마을입구,경상남도 통영시,2020-07-28,platform,yes
34.824605,128.43694,1901,도남동종점,경상남도 통영시,2020-07-28,platform,yes
34.824532,128.436851,1902,도남동,경상남도 통영시,2020-07-28,platform,yes
34.825162,128.433606,1903,남포초등학교,경상남도 통영시,2020-07-28,platform,yes
34.825056,128.433542,1904,남포초등학교,경상남도 통영시,2020-07-28,platform,yes
34.82605,128.432575,1905,통영전통공예관,경상남도 통영시,2020-07-28,platform,yes
34.82678,128.43269,1906,통영전통공예관,경상남도 통영시,2020-07-28,platform,yes
34.827703,128.432737,1907,유람선터미널,경상남도 통영시,2020-07-28,platform,yes
34.827821,128.432418,1908,유람선터미널,경상남도 통영시,2020-07-28,platform,yes
34.827692,128.430511,1909,발개대로,경상남도 통영시,2020-07-28,platform,yes
34.827913,128.430966,1910,발개대로,경상남도 통영시,2020-07-28,platform,yes
34.825756,128.425276,1911,케이블카하부역사,경상남도 통영시,2020-07-28,platform,yes
34.825649,128.425425,1912,케이블카하부역사,경상남도 통영시,2020-07-28,platform,yes
34.82621,128.421205,1913,도남주공아파트,경상남도 통영시,2020-07-28,platform,yes
34.826353,128.421081,1914,도남주공아파트,경상남도 통영시,2020-07-28,platform,yes
34.828245,128.421064,1915,한려초등학교,경상남도 통영시,2020-07-28,platform,yes
34.826983,128.420611,1916,도남사회복지관,경상남도 통영시,2020-07-28,platform,yes
34.825299,128.415476,1801,천우아파트,경상남도 통영시,2020-07-28,platform,yes
34.825168,128.415551,1802,천우아파트,경상남도 통영시,2020-07-28,platform,yes
34.824003,128.415187,1803,봉평주공아파트,경상남도 통영시,2020-07-28,platform,yes
34.823464,128.415176,1804,봉평주공아파트,경상남도 통영시,2020-07-28,platform,yes
34.821867,128.414573,1805,용화사,경상남도 통영시,2020-07-28,platform,yes
34.826812,128.415914,1806,용화사거리,경상남도 통영시,2020-07-28,platform,yes
34.828761,128.41505,1807,통영중학교,경상남도 통영시,2020-07-28,platform,yes
34.832236,128.414381,1809,종우아파트,경상남도 통영시,2020-07-28,platform,yes
34.83346,128.410954,1714,대영유토피아,경상남도 통영시,2020-07-28,platform,yes
34.833204,128.411679,1715,대영유토피아,경상남도 통영시,2020-07-28,platform,yes
34.831148,128.415055,1810,봉평농협,경상남도 통영시,2020-07-28,platform,yes
34.830892,128.417368,1811,통영고등학교,경상남도 통영시,2020-07-28,platform,yes
34.830985,128.417429,1812,통영고등학교,경상남도 통영시,2020-07-28,platform,yes
34.829797,128.420606,1813,동양유전입구,경상남도 통영시,2020-07-28,platform,yes
34.829897,128.420924,1814,동양유전입구,경상남도 통영시,2020-07-28,platform,yes
34.829549,128.423561,1917,도봉새마을금고,경상남도 통영시,2020-07-28,platform,yes
34.829354,128.424051,1918,도봉새마을금고,경상남도 통영시,2020-07-28,platform,yes
34.829296,128.425075,1919,신아SB조선소,경상남도 통영시,2020-07-28,platform,yes
34.829125,128.425451,1920,신아SB조선소,경상남도 통영시,2020-07-28,platform,yes
34.828412,128.429958,1923,발개삼거리,경상남도 통영시,2020-07-28,platform,yes
34.828225,128.430404,1924,발개삼거리,경상남도 통영시,2020-07-28,platform,yes
34.827556,128.415752,1815,용화사거리,경상남도 통영시,2020-07-28,platform,yes
34.869286,128.416593,1526,원문고개,경상남도 통영시,2020-07-28,platform,yes
34.852579,128.429888,1413,북문탕,경상남도 통영시,2020-07-28,platform,yes
34.852567,128.430266,1414,북문탕,경상남도 통영시,2020-07-28,platform,yes
34.853795,128.42538,1415,충무고등학교,경상남도 통영시,2020-07-28,platform,yes
34.847401,128.419505,1110,충렬사,경상남도 통영시,2020-07-28,platform,yes
34.845493,128.416055,1111,충렬아파트,경상남도 통영시,2020-07-28,platform,yes
34.841901,128.41478,1020,만유빌라,경상남도 통영시,2020-07-28,platform,yes
34.841838,128.414428,1021,약수암,경상남도 통영시,2020-07-28,platform,yes
34.840517,128.413541,1022,도천아파트,경상남도 통영시,2020-07-28,platform,yes
34.839111,128.41232,1023,통영여자고등학교,경상남도 통영시,2020-07-28,platform,yes
34.837944,128.410542,1024,두룡초등학교후문,경상남도 통영시,2020-07-28,platform,yes
34.837531,128.40981,1025,충무교입구,경상남도 통영시,2020-07-28,platform,yes
34.833399,128.409437,1716,진남초등학교,경상남도 통영시,2020-07-28,platform,yes
34.833002,128.40952,1717,진남초등학교,경상남도 통영시,2020-07-28,platform,yes
34.831621,128.413488,1816,봉평오거리,경상남도 통영시,2020-07-28,platform,yes
34.831462,128.413551,1817,봉평오거리,경상남도 통영시,2020-07-28,platform,yes
34.828739,128.406282,1718,현대아파트,경상남도 통영시,2020-07-28,platform,yes
34.82909,128.406183,1719,현대아파트,경상남도 통영시,2020-07-28,platform,yes
34.835115,128.394017,1626,국치마을,경상남도 통영시,2020-07-28,platform,yes
34.857795,128.428425,1527,청솔약국,경상남도 통영시,2020-07-28,platform,yes
34.857778,128.4287,1528,통영고려병원,경상남도 통영시,2020-07-28,platform,yes
34.857909,128.430864,1529,무전종점,경상남도 통영시,2020-07-28,platform,yes
34.793855,128.429352,2105,남동해수산연구소,경상남도 통영시,2020-07-28,platform,yes
34.833598,128.409248,1720,충무교,경상남도 통영시,2020-07-28,platform,yes
34.777109,128.397091,2106,연명마을,경상남도 통영시,2020-07-28,platform,yes
34.81584,128.379495,2107,다랑골,경상남도 통영시,2020-07-28,platform,yes
34.791895,128.385247,2108,중화마을고개,경상남도 통영시,2020-07-28,platform,yes
34.877856,128.465378,3080,연기마을입구,경상남도 통영시,2020-07-28,platform,yes
34.792448,128.419409,2109,신봉종점,경상남도 통영시,2020-07-28,platform,yes
34.960395,128.409408,5094,무량촌입구,경상남도 통영시,2020-07-28,platform,yes
34.839764,128.417799,1026,통영농협,경상남도 통영시,2020-07-28,platform,yes
34.858794,128.449394,3081,상삼마을입구,경상남도 통영시,2020-07-28,platform,yes
34.885261,128.402247,5095,홀리마을입구,경상남도 통영시,2020-07-28,platform,yes
34.818659,128.366911,2110,장월마을,경상남도 통영시,2020-07-28,platform,yes
34.936554,128.351829,4060,평촌마을,경상남도 통영시,2020-07-28,platform,yes
34.867383,128.448718,3087,늘사랑어린이집,경상남도 통영시,2020-07-28,platform,yes
34.875252,128.465908,3086,연기삼거리,경상남도 통영시,2020-07-28,platform,yes
34.87413,128.430885,3082,도토마리,경상남도 통영시,2020-07-28,platform,yes
34.888481,128.438257,3083,연각사,경상남도 통영시,2020-07-28,platform,yes
34.767496,128.421704,2112,물개마을,경상남도 통영시,2020-07-28,platform,yes
34.959817,128.405523,5096,무량마을,경상남도 통영시,2020-07-28,platform,yes
34.846053,128.417066,1112,충렬사광장,경상남도 통영시,2020-07-28,platform,yes
34.832258,128.412896,1721,운하맨션,경상남도 통영시,2020-07-28,platform,yes
34.827146,128.416244,1818,전혁림미술관,경상남도 통영시,2020-07-28,platform,yes
34.827244,128.416274,1819,전혁림미술관,경상남도 통영시,2020-07-28,platform,yes
34.898526,128.407792,5097,광도농협,경상남도 통영시,2020-07-28,platform,yes
34.94653,128.409917,5098,성우오스타,경상남도 통영시,2020-07-28,platform,yes
34.894855,128.309501,4061,저산,경상남도 통영시,2020-07-28,platform,yes
34.84641,128.422866,1211,세병관,경상남도 통영시,2020-07-28,platform,yes
34.815723,128.379383,2113,다랑골,경상남도 통영시,2020-07-28,platform,yes
34.801412,128.408736,2114,상촌마을,경상남도 통영시,2020-07-28,platform,yes
34.797519,128.41347,2115,신봉마을,경상남도 통영시,2020-07-28,platform,yes
34.794106,128.416652,2116,남촌마을,경상남도 통영시,2020-07-28,platform,yes
34.818082,128.370597,2117,장촌마을,경상남도 통영시,2020-07-28,platform,yes
34.853949,128.44736,3085,상삼마을,경상남도 통영시,2020-07-28,platform,yes
34.871522,128.466781,3084,연기마을,경상남도 통영시,2020-07-28,platform,yes
34.833704,128.403958,1028,통영대교,경상남도 통영시,2020-07-28,platform,yes
34.959907,128.428527,5099,황리임중,경상남도 통영시,2020-07-28,platform,yes
34.84396,128.381552,1608,인평종점,경상남도 통영시,2020-07-28,platform,yes
34.829609,128.414899,1808,통영중학교,경상남도 통영시,2020-07-28,platform,yes
34.822127,128.41478,1820,용화사,경상남도 통영시,2020-07-28,platform,yes
34.794597,128.383612,2074,삼덕항,경상남도 통영시,2020-07-28,platform,yes
34.765272,128.421668,2084,척포,경상남도 통영시,2020-07-28,platform,yes
34.799871,128.432012,2098,영운리,경상남도 통영시,2020-07-28,platform,yes
34.893845,128.460821,3062,죽촌마을,경상남도 통영시,2020-07-28,platform,yes
34.885144,128.451745,3041,삼화삼거리,경상남도 통영시,2020-07-28,platform,yes
34.801187,128.38796,2067,산양농협,경상남도 통영시,2020-07-28,platform,yes
34.945658,128.413154,5093,성우오스타,경상남도 통영시,2020-07-28,platform,yes
34.843808,128.388198,1628,천대마을입구,경상남도 통영시,2020-07-28,platform,yes
34.824577,128.344831,2119,수월마을회관,경상남도 통영시,2020-07-28,platform,yes
34.824557,128.344899,2120,수월마을회관,경상남도 통영시,2020-07-28,platform,yes
34.823704,128.393669,1728,미수광바위종점,경상남도 통영시,2020-07-28,platform,yes
34.828263,128.404094,1722,신우아파트,경상남도 통영시,2020-07-28,platform,yes
34.828156,128.404083,1723,신우아파트,경상남도 통영시,2020-07-28,platform,yes
34.827663,128.399291,1724,미수주공아파트,경상남도 통영시,2020-07-28,platform,yes
34.827611,128.399384,1725,미수주공아파트,경상남도 통영시,2020-07-28,platform,yes
34.82508,128.396255,1726,미수휴먼시아,경상남도 통영시,2020-07-28,platform,yes
34.824931,128.396311,1727,미수휴먼시아,경상남도 통영시,2020-07-28,platform,yes
34.823629,128.393774,1729,미수광바위종점,경상남도 통영시,2020-07-28,platform,yes
34.843964,128.393893,1630,해성아파트,경상남도 통영시,2020-07-28,platform,yes
34.843901,128.393799,1631,해성아파트,경상남도 통영시,2020-07-28,platform,yes
34.916081,128.424907,5105,구집마을입구,경상남도 통영시,2020-07-28,platform,yes
34.916008,128.424974,5106,구집마을입구,경상남도 통영시,2020-07-28,platform,yes
34.96878,128.401192,5110,춘원마을입구,경상남도 통영시,2020-07-28,platform,yes
34.945747,128.413277,5108,성우오스타,경상남도 통영시,2020-07-28,platform,yes
34.861769,128.440745,3091,미진이지비아,경상남도 통영시,2020-07-28,platform,yes
34.800448,128.410464,2121,중촌마을,경상남도 통영시,2020-07-28,platform,yes
34.905983,128.337682,4066,마상촌마을입구,경상남도 통영시,2020-07-28,platform,yes
34.881363,128.330102,4065,상양지마을입구,경상남도 통영시,2020-07-28,platform,yes
34.88167,128.328773,4064,상양지마을입구,경상남도 통영시,2020-07-28,platform,yes
34.854823,128.452771,3088,선촌마을입구,경상남도 통영시,2020-07-28,platform,yes
34.888695,128.453747,3092,적촌마을입구,경상남도 통영시,2020-07-28,platform,yes
34.778734,128.399639,2127,연명마을윗길,경상남도 통영시,2020-07-28,platform,yes
34.847269,128.419858,1115,충렬사,경상남도 통영시,2020-07-28,platform,yes
34.844862,128.418042,1113,서피랑,경상남도 통영시,2020-07-28,platform,yes
34.871673,128.427836,3090,기호마을입구,경상남도 통영시,2020-07-28,platform,yes
34.964442,128.404203,5101,춘원마을,경상남도 통영시,2020-07-28,platform,yes
34.787617,128.390908,2129,중화마을회관,경상남도 통영시,2020-07-28,platform,yes
34.788181,128.390787,2122,중화마을회관,경상남도 통영시,2020-07-28,platform,yes
34.837237,128.393311,1633,국치마을,경상남도 통영시,2020-07-28,platform,yes
34.957725,128.414838,5022,우리은행,경상남도 통영시,2020-07-28,platform,yes
34.957867,128.414851,5102,우리은행,경상남도 통영시,2020-07-28,platform,yes
34.894525,128.40877,5076,노산삼거리,경상남도 통영시,2020-07-28,platform,yes
34.931272,128.357614,4022,원동마을,경상남도 통영시,2020-07-28,platform,yes
34.893728,128.460789,3094,죽촌마을,경상남도 통영시,2020-07-28,platform,yes
34.889423,128.461739,3016,죽촌마을입구,경상남도 통영시,2020-07-28,platform,yes
34.887138,128.468564,3053,신촌마을,경상남도 통영시,2020-07-28,platform,yes
34.959944,128.405512,5112,무량마을,경상남도 통영시,2020-07-28,platform,yes
34.843714,128.388175,1629,천대마을입구,경상남도 통영시,2020-07-28,platform,yes
34.800645,128.430938,2118,이운마을,경상남도 통영시,2020-07-28,platform,yes
34.908684,128.314082,4029,가오치터미널,경상남도 통영시,2020-07-28,platform,yes
34.908632,128.313924,4067,가오치터미널,경상남도 통영시,2020-07-28,platform,yes
34.779147,128.397375,2079,연명마을,경상남도 통영시,2020-07-28,platform,yes
34.819984,128.392137,1713,미수종점,경상남도 통영시,2020-07-28,platform,yes
34.839596,128.389607,1610,천대마을,경상남도 통영시,2020-07-28,platform,yes
34.886403,128.324779,4062,하얀펜션,경상남도 통영시,2020-07-28,platform,yes
34.821676,128.438937,2123,수륙마을입구,경상남도 통영시,2020-07-28,platform,yes
34.812508,128.432665,2125,담안마을입구,경상남도 통영시,2020-07-28,platform,yes
34.831759,128.356011,2128,다시몰마을,경상남도 통영시,2020-07-28,platform,yes
34.8475,128.432472,1313,변전소,경상남도 통영시,2020-07-28,platform,yes
34.895556,128.462347,3093,밤개마을입구,경상남도 통영시,2020-07-28,platform,yes
34.883504,128.373461,4072,낭계마을입구,경상남도 통영시,2020-07-28,platform,yes
34.883438,128.37339,4073,낭계마을입구,경상남도 통영시,2020-07-28,platform,yes
34.869561,128.454986,3095,동암마을,경상남도 통영시,2020-07-28,platform,yes
34.869602,128.455138,3096,동암마을,경상남도 통영시,2020-07-28,platform,yes
34.806191,128.431511,2130,영운초등학교,경상남도 통영시,2020-07-28,platform,yes
34.806287,128.431385,2131,영운초등학교,경상남도 통영시,2020-07-28,platform,yes
34.851031,128.378898,1634,나한정사,경상남도 통영시,2020-07-28,platform,yes
34.850945,128.379077,1635,나한정사,경상남도 통영시,2020-07-28,platform,yes
34.880905,128.371419,4069,만성수산,경상남도 통영시,2020-07-28,platform,yes
34.882878,128.377897,4071,서해수산,경상남도 통영시,2020-07-28,platform,yes
34.887583,128.341495,4075,구촌마을,경상남도 통영시,2020-07-28,platform,yes
34.937984,128.423546,5114,예포마을,경상남도 통영시,2020-07-28,platform,yes
34.935078,128.426844,5113,범우개,경상남도 통영시,2020-07-28,platform,yes
34.837509,128.34938,2132,사발개마을,경상남도 통영시,2020-07-28,platform,yes
34.837472,128.349199,2133,사발개마을,경상남도 통영시,2020-07-28,platform,yes
34.845864,128.416994,1116,충렬사,경상남도 통영시,2020-07-28,platform,yes
34.796468,128.415659,2138,신봉상촌마을,경상남도 통영시,2020-07-28,platform,yes
34.796412,128.415478,2139,신봉상촌마을,경상남도 통영시,2020-07-28,platform,yes
34.778692,128.399927,2140,연명마을윗길,경상남도 통영시,2020-07-28,platform,yes
34.774753,128.412408,2134,새바지고개,경상남도 통영시,2020-07-28,platform,yes
34.774806,128.412241,2135,새바지고개,경상남도 통영시,2020-07-28,platform,yes
34.829939,128.364775,2136,향촌마을입구,경상남도 통영시,2020-07-28,platform,yes
34.83011,128.364893,2137,향촌마을입구,경상남도 통영시,2020-07-28,platform,yes
34.876082,128.415916,5126,죽림초등학교,경상남도 통영시,2020-07-28,platform,yes
34.876057,128.416084,5117,죽림초등학교,경상남도 통영시,2020-07-28,platform,yes
34.874795,128.418168,5118,국민연금공단,경상남도 통영시,2020-07-28,platform,yes
34.874976,128.418188,5119,국민연금공단,경상남도 통영시,2020-07-28,platform,yes
34.874575,128.420005,5120,통영시립충무도서관,경상남도 통영시,2020-07-28,platform,yes
34.874703,128.420216,5121,통영시립충무도서관,경상남도 통영시,2020-07-28,platform,yes
34.876788,128.421903,5122,통영고용센터,경상남도 통영시,2020-07-28,platform,yes
34.876812,128.421741,5123,통영고용센터,경상남도 통영시,2020-07-28,platform,yes
34.881339,128.422905,5124,어민회센터,경상남도 통영시,2020-07-28,platform,yes
34.88156,128.422791,5125,어민회센터,경상남도 통영시,2020-07-28,platform,yes
34.803879,128.397809,2141,산양스포츠파크,경상남도 통영시,2020-07-28,platform,yes
34.80092,128.388258,2143,산양농협,경상남도 통영시,2020-07-28,platform,yes
34.932018,128.430924,5116,팔복주유소,경상남도 통영시,2020-07-28,platform,yes
34.93187,128.430893,5115,팔복주유소,경상남도 통영시,2020-07-28,platform,yes
34.887759,128.440267,3097,음촌마을입구,경상남도 통영시,2020-07-28,platform,yes
34.887655,128.440242,3098,음촌마을입구,경상남도 통영시,2020-07-28,platform,yes
34.804024,128.397811,2142,산양스포츠파크,경상남도 통영시,2020-07-28,platform,yes
34.887817,128.348839,4074,범골마을입구,경상남도 통영시,2020-07-28,platform,yes
34.887707,128.348797,4079,범골마을입구,경상남도 통영시,2020-07-28,platform,yes
34.885355,128.368836,4076,낭계마을,경상남도 통영시,2020-07-28,platform,yes
34.885145,128.368823,4077,낭계마을,경상남도 통영시,2020-07-28,platform,yes
34.828526,128.428548,1921,신아SB조선소후문,경상남도 통영시,2020-07-28,platform,yes
34.864369,128.443462,3099,화포마을,경상남도 통영시,2020-07-28,platform,yes
34.845344,128.417877,1118,서피랑,경상남도 통영시,2020-07-28,platform,yes
34.818237,128.370447,2147,장촌마을회관,경상남도 통영시,2020-07-28,platform,yes
34.809365,128.383116,2145,궁항마을,경상남도 통영시,2020-07-28,platform,yes
34.86993,128.413815,5127,동원중고등학교,경상남도 통영시,2020-07-28,platform,yes
34.871013,128.413701,5128,동원중고등학교,경상남도 통영시,2020-07-28,platform,yes
34.899734,128.357593,4080,거북선관광,경상남도 통영시,2020-07-28,platform,yes
34.899747,128.35772,4081,거북선관광,경상남도 통영시,2020-07-28,platform,yes
34.855224,128.444051,3119,옻칠미술관,경상남도 통영시,2020-07-28,platform,yes
34.845684,128.384259,1637,민양마을윗길,경상남도 통영시,2020-07-28,platform,yes
34.807951,128.400372,2144,금평중촌마을,경상남도 통영시,2020-07-28,platform,yes
34.807739,128.399958,2146,금평중촌마을,경상남도 통영시,2020-07-28,platform,yes
34.792318,128.424282,2149,반송농원,경상남도 통영시,2020-07-28,platform,yes
34.882873,128.415335,5129,주영팰리스3차앞,경상남도 통영시,2020-07-28,platform,yes
34.903431,128.406245,5130,노산,경상남도 통영시,2020-07-28,platform,yes
34.839431,128.347949,2151,해란마을사발개,경상남도 통영시,2020-07-28,platform,yes
34.839387,128.348076,2150,해란마을사발개,경상남도 통영시,2020-07-28,platform,yes
34.833282,128.346385,2153,덕진수산,경상남도 통영시,2020-07-28,platform,yes
34.83327,128.34653,2152,덕진수산,경상남도 통영시,2020-07-28,platform,yes
34.824082,128.343596,2157,수월마을,경상남도 통영시,2020-07-28,platform,yes
34.82026,128.364858,2155,남촌마을,경상남도 통영시,2020-07-28,platform,yes
34.824289,128.354671,2156,상장마을,경상남도 통영시,2020-07-28,platform,yes
34.869533,128.417224,3102,원문고개가스충전소앞,경상남도 통영시,2020-07-28,platform,yes
34.920986,128.422403,5132,동성아스콘,경상남도 통영시,2020-07-28,platform,yes
34.92103,128.422253,5133,삼정레미콘,경상남도 통영시,2020-07-28,platform,yes
34.883421,128.466024,3100,분덕마을,경상남도 통영시,2020-07-28,platform,yes
34.883415,128.46618,3101,분덕마을,경상남도 통영시,2020-07-28,platform,yes
34.820968,128.363738,2154,남촌마을,경상남도 통영시,2020-07-28,platform,yes
34.888387,128.438277,3103,연각사,경상남도 통영시,2020-07-28,platform,yes
34.818508,128.366871,2158,장월마을,경상남도 통영시,2020-07-28,platform,yes
34.889152,128.418619,5134,신우희가로,경상남도 통영시,2020-07-28,platform,yes
34.888508,128.419743,5135,신우희가로,경상남도 통영시,2020-07-28,platform,yes
34.886289,128.418129,5136,이마트,경상남도 통영시,2020-07-28,platform,yes
34.871755,128.427256,3104,세종어린이집,경상남도 통영시,2020-07-28,platform,yes
34.87415,128.430786,3105,도토마리,경상남도 통영시,2020-07-28,platform,yes
34.892625,128.417313,5137,공영차고지,경상남도 통영시,2020-07-28,platform,yes
34.892674,128.417209,5138,공영차고지,경상남도 통영시,2020-07-28,platform,yes
34.859706,128.411186,1119,명정야구장,경상남도 통영시,2020-07-28,platform,yes
34.859598,128.411063,1120,명정야구장,경상남도 통영시,2020-07-28,platform,yes
34.870239,128.421092,3106,원문마을,경상남도 통영시,2020-07-28,platform,yes
34.885353,128.322432,4083,수월마을,경상남도 통영시,2020-07-28,platform,yes
34.885262,128.322455,4082,수월마을,경상남도 통영시,2020-07-28,platform,yes
34.778005,128.414325,2159,봉전마을,경상남도 통영시,2020-07-28,platform,yes
34.778006,128.41418,2160,봉전마을,경상남도 통영시,2020-07-28,platform,yes
34.890891,128.454458,3107,원평마을,경상남도 통영시,2020-07-28,platform,yes
34.933265,128.359375,4084,원동마을,경상남도 통영시,2020-07-28,platform,yes
34.856801,128.38589,1640,우포마을,경상남도 통영시,2020-07-28,platform,yes
34.8568,128.386035,1641,우포마을,경상남도 통영시,2020-07-28,platform,yes
34.86759,128.451112,3108,동남지방통계청,경상남도 통영시,2020-07-28,platform,yes
34.867791,128.451069,3109,동남지방통계청,경상남도 통영시,2020-07-28,platform,yes
34.882125,128.434561,3110,대안마을,경상남도 통영시,2020-07-28,platform,yes
34.882137,128.434369,3111,대안마을,경상남도 통영시,2020-07-28,platform,yes
34.860609,128.389794,1642,우포마을,경상남도 통영시,2020-07-28,platform,yes
34.860756,128.389836,1643,우포마을,경상남도 통영시,2020-07-28,platform,yes
34.906169,128.4192,5140,창포마을,경상남도 통영시,2020-07-28,platform,yes
34.906075,128.419071,5141,창포마을,경상남도 통영시,2020-07-28,platform,yes
34.950331,128.411787,5139,안황스포츠센터,경상남도 통영시,2020-07-28,platform,yes
34.85485,128.38202,1645,비취캐슬펜션,경상남도 통영시,2020-07-28,platform,yes
34.854803,128.381898,1644,비취캐슬펜션,경상남도 통영시,2020-07-28,platform,yes
34.907425,128.390879,4088,한퇴골,경상남도 통영시,2020-07-28,platform,yes
34.901979,128.345849,4086,오륜동마을,경상남도 통영시,2020-07-28,platform,yes
34.902117,128.34581,4085,오륜동마을,경상남도 통영시,2020-07-28,platform,yes
34.904266,128.387706,4087,백동전원빌라,경상남도 통영시,2020-07-28,platform,yes
34.866562,128.468728,3079,해간도,경상남도 통영시,2020-07-28,platform,yes
34.868718,128.469318,3113,해간도펜션,경상남도 통영시,2020-07-28,platform,yes
34.905309,128.393532,4089,만보설비,경상남도 통영시,2020-07-28,platform,yes
34.88769,128.341426,4090,구촌마을,경상남도 통영시,2020-07-28,platform,yes
34.863469,128.446651,3114,통영구치소,경상남도 통영시,2020-07-28,platform,yes
34.842825,128.409864,1029,로젠빌,경상남도 통영시,2020-07-28,platform,yes
34.842814,128.409801,1030,로젠빌,경상남도 통영시,2020-07-28,platform,yes
34.875323,128.450443,3116,오촌길,경상남도 통영시,2020-07-28,platform,yes
34.864168,128.44505,3115,법원,경상남도 통영시,2020-07-28,platform,yes
34.860037,128.442873,3117,화포마을,경상남도 통영시,2020-07-28,platform,yes
34.836084,128.401656,1646,해양과학대 정문,경상남도 통영시,2020-07-28,platform,yes
34.78405,128.415379,2164,봉전상촌길,경상남도 통영시,2020-07-28,platform,yes
34.831858,128.3561,2165,다시몰마을,경상남도 통영시,2020-07-28,platform,yes
34.905342,128.322598,4091,가오치,경상남도 통영시,2020-07-28,platform,yes
34.90528,128.322665,4092,가오치,경상남도 통영시,2020-07-28,platform,yes
34.889818,128.469698,3118,견유마을입구,경상남도 통영시,2020-07-28,platform,yes
34.900164,128.406903,5144,광도초등학교,경상남도 통영시,2020-07-28,platform,yes
34.785182,128.418216,2166,봉전마을회관,경상남도 통영시,2020-07-28,platform,yes
34.823416,128.342039,2167,묏골마을,경상남도 통영시,2020-07-28,platform,yes
34.826316,128.33981,2168,명지고개,경상남도 통영시,2020-07-28,platform,yes
34.826378,128.339788,2169,명지고개,경상남도 통영시,2020-07-28,platform,yes
34.832023,128.360181,2170,향촌삼거리,경상남도 통영시,2020-07-28,platform,yes
34.83211,128.360158,2171,향촌삼거리,경상남도 통영시,2020-07-28,platform,yes
34.854246,128.425128,1412,충무고등학교,경상남도 통영시,2020-07-28,platform,yes
34.832988,128.407562,1730,미수해안로,경상남도 통영시,2020-07-28,platform,yes
34.82545,128.347889,2172,수월입구,경상남도 통영시,2020-07-28,platform,yes
34.825392,128.347907,2173,수월입구,경상남도 통영시,2020-07-28,platform,yes
34.79418,128.420655,2175,신봉입구,경상남도 통영시,2020-07-28,platform,yes
34.858902,128.398515,1121,대평소공원,경상남도 통영시,2020-07-28,platform,yes
34.85883,128.398571,1122,대평소공원,경상남도 통영시,2020-07-28,platform,yes
34.79429,128.420633,2174,신봉입구,경상남도 통영시,2020-07-28,platform,yes
34.792476,128.424302,2148,반송농원,경상남도 통영시,2020-07-28,platform,yes
34.825998,128.422977,1925,루지,경상남도 통영시,2020-07-28,platform,yes
34.825936,128.422964,1926,루지,경상남도 통영시,2020-07-28,platform,yes
34.8598,128.419191,1530,무전수변공원,경상남도 통영시,2020-07-28,platform,yes
34.897413,128.403566,5145,구허마을,경상남도 통영시,2020-07-28,platform,yes
34.896586,128.405013,5146,구허마을,경상남도 통영시,2020-07-28,platform,yes
34.907981,128.418109,5147,창포,경상남도 통영시,2020-07-28,platform,yes
34.907925,128.418038,5148,창포,경상남도 통영시,2020-07-28,platform,yes
34.871599,128.446933,3121,동신교회,경상남도 통영시,2020-07-28,platform,yes
34.866886,128.454847,3120,동암입구,경상남도 통영시,2020-07-28,platform,yes
34.90713,128.312846,4030,가오치여객선터미널입구,경상남도 통영시,2020-07-28,platform,yes
34.859042,128.387934,1647,삼광수산,경상남도 통영시,2020-07-28,platform,yes
34.858999,128.388008,1648,삼광수산,경상남도 통영시,2020-07-28,platform,yes
34.884415,128.419838,5149,더팰리스5차,경상남도 통영시,2020-07-28,platform,yes
34.884487,128.41978,5150,더팰리스5차,경상남도 통영시,2020-07-28,platform,yes
34.885182,128.31542,4093,네르하,경상남도 통영시,2020-07-28,platform,yes
34.885239,128.315491,4094,네르하,경상남도 통영시,2020-07-28,platform,yes
34.838025,128.401207,1613,일성한우리,경상남도 통영시,2020-07-28,platform,yes
34.885229,128.401998,5151,홀리마을입구,경상남도 통영시,2020-07-28,platform,yes
34.899576,128.462733,3122,적촌승선장,경상남도 통영시,2020-07-28,platform,yes
34.782031,128.39246,2176,생태탐방원,경상남도 통영시,2020-07-28,platform,yes
34.945731,128.401817,5143,안정마을,경상남도 통영시,2020-07-28,platform,yes
34.944168,128.398004,5032,안정사,경상남도 통영시,2020-07-28,platform,yes
34.945784,128.401657,5142,안정마을,경상남도 통영시,2020-07-28,platform,yes
34.899075,128.399934,5152,호반휴게소,경상남도 통영시,2020-07-28,platform,yes
34.812359,128.432907,2178,동원리조트,경상남도 통영시,2020-07-28,platform,yes
34.809235,128.385467,2177,궁항마을입구,경상남도 통영시,2020-07-28,platform,yes
34.811445,128.387602,2163,세포마을,경상남도 통영시,2020-07-28,platform,yes
34.873995,128.412806,5153,코아루아파트,경상남도 통영시,2020-07-28,platform,yes
34.874162,128.412901,5154,코아루아파트,경상남도 통영시,2020-07-28,platform,yes
34.893118,128.36978,4101,동래마을,경상남도 통영시,2020-07-28,platform,yes
34.89323,128.369932,4102,동래마을,경상남도 통영시,2020-07-28,platform,yes
34.890018,128.37475,4054,송계마을,경상남도 통영시,2020-07-28,platform,yes
34.890421,128.374518,4068,송계마을,경상남도 통영시,2020-07-28,platform,yes
34.890987,128.375682,4095,법송1길,경상남도 통영시,2020-07-28,platform,yes
34.891168,128.37572,4096,법송1길,경상남도 통영시,2020-07-28,platform,yes
34.893516,128.374033,4097,법송3길,경상남도 통영시,2020-07-28,platform,yes
34.893732,128.374041,4098,법송4길,경상남도 통영시,2020-07-28,platform,yes
34.897118,128.37167,4099,법송5길,경상남도 통영시,2020-07-28,platform,yes
34.897329,128.37166,4100,법송6길,경상남도 통영시,2020-07-28,platform,yes
34.82587,128.39774,1731,사량도여객선터미널,경상남도 통영시,2020-07-28,platform,yes
34.826008,128.397777,1732,사량도여객선터미널,경상남도 통영시,2020-07-28,platform,yes
34.882197,128.413267,5067,죽림마을,경상남도 통영시,2020-07-28,platform,yes
34.881678,128.331676,4104,갈릴리교회,경상남도 통영시,2020-07-28,platform,yes
34.881652,128.331793,4103,갈릴리교회,경상남도 통영시,2020-07-28,platform,yes
34.769911,128.415899,2161,물개마을,경상남도 통영시,2020-07-28,platform,yes
34.769856,128.415724,2162,물개마을,경상남도 통영시,2020-07-28,platform,yes
34.767427,128.421506,2179,물개마을입구,경상남도 통영시,2020-07-28,platform,yes
34.776787,128.396973,2180,연명마을입구,경상남도 통영시,2020-07-28,platform,yes
34.776748,128.397082,2181,연명마을입구,경상남도 통영시,2020-07-28,platform,yes
34.964361,128.404065,5103,춘원마을,경상남도 통영시,2020-07-28,platform,yes
